[
  {
    "ability" : "CONVERT",
    "victoryPoints" : 5,
    "active" : false,
    "leaderCardRequirements" : {
      "requiredDevelopmentCards" : {
        "PURPLE":{
          "level":"LEVEL1",
          "quantity":2
        },
        "GREEN":{
          "level":"LEVEL1",
          "quantity":1
        }
      },
      "requiredResources":null
    },
    "convertedResource" : "COIN"
  },
  {
    "ability" : "CONVERT",
    "victoryPoints" : 5,
    "active" : false,
    "leaderCardRequirements" : {
      "requiredDevelopmentCards" : {
        "BLUE":{
          "level":"LEVEL1",
          "quantity":2
        },
        "YELLOW":{
          "level":"LEVEL1",
          "quantity":1
        }
      },
      "requiredResources":null
    },
    "convertedResource" : "STONE"
  },
  {
    "ability" : "CONVERT",
    "victoryPoints" : 5,
    "active" : false,
    "leaderCardRequirements" : {
      "requiredDevelopmentCards" : {
        "GREEN":{
          "level":"LEVEL1",
          "quantity":2
        },
        "PURPLE":{
          "level":"LEVEL1",
          "quantity":1
        }
      },
      "requiredResources":null
    },
    "convertedResource" : "SHIELD"
  },
  {
    "ability" : "CONVERT",
    "victoryPoints" : 5,
    "active" : false,
    "leaderCardRequirements" : {
      "requiredDevelopmentCards" : {
        "YELLOW":{
          "level":"LEVEL1",
          "quantity":2
        },
        "BLUE":{
          "level":"LEVEL1",
          "quantity":1
        }
      },
      "requiredResources":null
    },
    "convertedResource" : "SERVANT"
  },
  null,
  null,
  null,
  null,
  null,
  null,
  null,
  null,
  null,
  null,
  null,
  null
]