[
  null,
  null,
  null,
  null,
  null,
  null,
  null,
  null,
  null,
  null,
  null,
  null,
  {
    "ability" : "STORE",
    "victoryPoints" : 3,
    "active" : false,
    "leaderCardRequirements" : {
      "requiredDevelopmentCards" : null,
      "requiredResources":{
        "SHIELD":5
      }
    },
    "storage" : {
      "storedResources":{
        "COIN":0
      }
    },
    "storedResource" : "COIN"
  },
  {
    "ability" : "STORE",
    "victoryPoints" : 3,
    "active" : false,
    "leaderCardRequirements" : {
      "requiredDevelopmentCards" : null,
      "requiredResources":{
        "SERVANT":5
      }
    },
    "storage" : {
      "storedResources":{
        "SHIELD":0
      }
    },
    "storedResource" : "SHIELD"
  },
  {
    "ability" : "STORE",
    "victoryPoints" : 3,
    "active" : false,
    "leaderCardRequirements" : {
      "requiredDevelopmentCards" : null,
      "requiredResources":{
        "STONE":5
      }
    },
    "storage" : {
      "storedResources":{
        "SERVANT":0
      }
    },
    "storedResource" : "SERVANT"
  },
  {
    "ability" : "STORE",
    "victoryPoints" : 3,
    "active" : false,
    "leaderCardRequirements" : {
      "requiredDevelopmentCards" : null,
      "requiredResources":{
        "COIN":5
      }
    },
    "storage" : {
      "storedResources":{
        "STONE":0
      }
    },
    "storedResource" : "STONE"
  }
]